<TICKER>,<PER>,<DATE>,<TIME>,<OPEN>,<HIGH>,<LOW>,<CLOSE>,<VOL>,<OPENINT>
CDR,D,20200102,000000,269.205,273.791,268.252,273.791,175444.48967201222,0
CDR,D,20200103,000000,273.977,276.658,268.35,273.025,255568.52833326574,0
CDR,D,20200107,000000,274.076,275.323,270.069,270.923,222980.49659737802,0
CDR,D,20200108,000000,270.638,270.923,264.725,268.35,235131.5173664782,0
CDR,D,20200109,000000,271.12,275.509,270.167,275.509,204158.32717072117,0
CDR,D,20200110,000000,276.365,279.419,271.591,272.072,277182.56125487713,0
CDR,D,20200113,000000,274.743,277.416,271.306,277.416,219052.33855085517,0
CDR,D,20200114,000000,277.326,278.565,273.221,275.411,282533.12386101903,0
CDR,D,20200115,000000,276.275,276.462,269.872,270.354,275198.11852998286,0
CDR,D,20200116,000000,269.686,273.025,266.533,269.499,260108.61561409532,0
CDR,D,20200117,000000,242.284,255.848,231.982,254.414,2927155.85592505,0
CDR,D,20200120,000000,256.515,269.784,254.983,268.733,799425.9807963385,0
CDR,D,20200121,000000,268.92,272.74,261.19,266.15,463063.4480178358,0
CDR,D,20200122,000000,269.116,271.12,261.956,263.095,520738.5419901901,0
CDR,D,20200123,000000,261.573,265.866,260.424,261.573,476686.7644155766,0
CDR,D,20200124,000000,260.62,264.913,258.902,263.478,344788.01433240814,0
CDR,D,20200127,000000,264.53,266.632,256.132,258.705,275198.11852998286,0
CDR,D,20200128,000000,259.187,263.763,259.187,263.763,257303.51571306234,0
CDR,D,20200129,000000,264.432,265.296,261.76,264.725,418462.86868399533,0
CDR,D,20200130,000000,264.432,265.777,261.573,265.296,351423.5265120922,0
CDR,D,20200131,000000,265.394,268.831,262.044,268.831,581647.3917831185,0
CDR,D,20200203,000000,267.869,280.185,266.818,280.185,618181.9088970107,0
CDR,D,20200204,000000,280.185,291.165,277.131,291.165,697379.3991335984,0
CDR,D,20200205,000000,289.259,306.054,288.592,294.033,825256.3181426949,0
CDR,D,20200206,000000,295.457,300.23,291.833,299.474,347188.8947558656,0
CDR,D,20200207,000000,299.091,302.431,293.454,294.789,245476.27780004678,0
CDR,D,20200210,000000,296.803,299.189,295.938,296.606,128066.30143435611,0
CDR,D,20200211,000000,298.806,302.617,296.42,296.42,227062.40059128802,0
CDR,D,20200212,000000,296.891,301.477,294.416,298.992,245453.8777282426,0
CDR,D,20200213,000000,298.894,304.248,298.04,304.248,265279.977645794,0
CDR,D,20200214,000000,304.817,311.976,303.099,311.21,416049.77003956016,0
CDR,D,20200217,000000,312.742,320.757,308.922,311.21,179338.02942574315,0
CDR,D,20200218,000000,310.641,315.798,308.353,314.079,119888.23885538708,0
CDR,D,20200219,000000,315.032,316.848,310.926,315.798,320636.6641863329,0
CDR,D,20200220,000000,315.601,316.848,311.79,313.598,206626.40780959115,0
CDR,D,20200221,000000,313.125,318.852,311.79,315.984,212483.00840150286,0
CDR,D,20200224,000000,312.742,315.032,304.532,305.671,419040.1796255203,0
CDR,D,20200225,000000,301.86,307.105,291.45,293.365,644457.1931242283,0
CDR,D,20200226,000000,287.924,302.244,283.524,293.837,552879.5904750654,0
CDR,D,20200227,000000,294.033,296.891,277.514,279.232,479863.50187155453,0
CDR,D,20200228,000000,263.478,273.025,249.738,265.866,1159202.697721541,0
CDR,D,20200302,000000,274.842,284.487,259.658,271.503,709383.8012508961,0
CDR,D,20200303,000000,281.619,292.982,277.033,291.932,780947.9579274092,0
CDR,D,20200304,000000,286.676,290.596,279.232,282.188,432054.6213441962,0
CDR,D,20200305,000000,289.259,291.647,280.853,284.103,317971.0556415481,0
CDR,D,20200306,000000,281.236,281.521,270.167,279.9,381219.6947530153,0
CDR,D,20200309,000000,253.933,271.12,247.725,257.753,739752.1895079309,0
CDR,D,20200310,000000,262.526,267.299,255.848,258.038,475957.74389683583,0
CDR,D,20200311,000000,258.705,259.373,231.019,239.612,835098.0951457355,0
CDR,D,20200312,000000,217.662,224.34,195.888,206.299,1396589.4950447343,0
CDR,D,20200313,000000,219.567,241.528,213.644,232.836,1295176.2245030345,0
CDR,D,20200316,000000,225.204,259.658,211.926,240.566,1028845.4798525966,0
CDR,D,20200317,000000,250.111,260.424,243.62,256.417,901926.6730056655,0
CDR,D,20200318,000000,257.272,268.448,243.718,246.586,749089.964895353,0
CDR,D,20200319,000000,246.586,261.092,244.867,261.092,536277.0645272615,0
CDR,D,20200320,000000,268.252,270.452,244.769,254.414,979069.4657466948,0
CDR,D,20200323,000000,245.437,259.658,238.66,253.167,459874.4923408803,0
CDR,D,20200324,000000,264.53,267.869,256.132,264.058,454368.1474171798,0
CDR,D,20200325,000000,271.12,274.645,259.658,265.011,401112.99488597916,0
CDR,D,20200326,000000,263.39,269.018,261.092,268.35,308827.753604799,0
CDR,D,20200327,000000,269.686,270.923,262.143,266.347,297529.97193443804,0
CDR,D,20200330,000000,267.299,268.164,260.807,268.164,292278.17328125855,0
CDR,D,20200331,000000,270.167,276.748,268.448,275.991,371969.4832826486,0
CDR,D,20200401,000000,270.638,274.842,266.347,269.303,281258.3561383033,0
CDR,D,20200402,000000,269.303,274.743,263.959,274.743,303187.00825027365,0
CDR,D,20200403,000000,275.892,284.29,272.17,283.524,433766.19046711805,0
CDR,D,20200406,000000,291.165,304.248,290.498,303.766,417973.1216595358,0
CDR,D,20200407,000000,314.079,316.564,288.966,288.966,593691.503118611,0
CDR,D,20200408,000000,281.619,297.657,279.714,294.887,318210.3291358294,0
CDR,D,20200409,000000,315.984,318.754,305.2,314.079,721154.0207993155,0
CDR,D,20200414,000000,315.984,327.249,309.875,326.483,433802.8451300712,0
CDR,D,20200415,000000,328.114,329.253,322.957,326.68,598901.5561834343,0
CDR,D,20200416,000000,327.249,328.968,317.604,319.038,436277.0348794351,0
CDR,D,20200417,000000,322.957,328.585,321.709,324.096,244132.27349174727,0
CDR,D,20200420,000000,323.625,330.304,319.804,329.538,234700.82507677597,0
CDR,D,20200421,000000,327.063,328.585,320.757,320.757,196325.4293345603,0
CDR,D,20200422,000000,320.757,331.256,318.852,331.256,272003.05374252336,0
CDR,D,20200423,000000,327.446,338.613,326.483,338.613,318246.9837987825,0
CDR,D,20200424,000000,335.656,356.468,328.398,346.921,467295.0252188105,0
CDR,D,20200427,000000,350.831,357.037,349.494,351.312,343581.4650101855,0
CDR,D,20200428,000000,351.597,355.505,342.05,342.816,344437.75866418675,0
CDR,D,20200429,000000,342.816,348.541,337.374,344.819,268717.37048277666,0
CDR,D,20200430,000000,346.243,350.831,335.459,341.382,341534.912995282,0
CDR,D,20200504,000000,335.076,348.443,332.788,341.667,257640.5349752153,0
CDR,D,20200505,000000,343.955,344.623,335.273,341.284,215309.4901892594,0
CDR,D,20200506,000000,345.104,347.108,340.135,343.67,453402.90795940976,0
CDR,D,20200507,000000,343.67,346.725,338.042,339.467,206724.1535774629,0
CDR,D,20200508,000000,342.904,343.386,336.51,338.799,201242.24509574802,0
CDR,D,20200511,000000,341.765,347.108,338.042,346.538,248584.79685552153,0
CDR,D,20200512,000000,344.436,358.854,344.152,355.888,442096.9808083937,0
CDR,D,20200513,000000,354.17,362.38,353.6,362.281,289022.0173888804,0
CDR,D,20200514,000000,359.993,361.427,347.677,353.217,357550.9643358251,0
CDR,D,20200515,000000,353.315,357.607,349.681,354.268,251748.29790543104,0
CDR,D,20200518,000000,358.373,367.723,354.17,367.723,256530.71323579387,0
CDR,D,20200519,000000,370.492,371.357,360.563,362.478,259394.86787158423,0
CDR,D,20200520,000000,364.482,379.371,362.95,377.083,341773.1683044826,0
CDR,D,20200521,000000,376.897,382.042,373.645,374.794,338357.1573542234,0
CDR,D,20200522,000000,372.309,378.9,371.16,375.56,235499.08218110053,0
CDR,D,20200525,000000,377.466,384.812,377.466,379.469,120293.47651803317,0
CDR,D,20200526,000000,381.856,398.748,379.951,394.27,452323.63177243754,0
CDR,D,20200527,000000,394.27,394.741,363.716,364.197,742307.8340638562,0
CDR,D,20200528,000000,371.455,381.571,367.821,380.903,393448.09758835443,0
CDR,D,20200529,000000,392.355,394.172,375.266,385.48,884666.399494856,0
CDR,D,20200601,000000,386.629,389.203,376.798,378.9,221457.29171463518,0
CDR,D,20200602,000000,378.036,379.371,368.018,370.591,506466.6416951894,0
CDR,D,20200603,000000,372.309,379.951,368.489,370.492,286642.51885214646,0
CDR,D,20200604,000000,369.069,376.415,368.489,374.794,304478.0669343097,0
CDR,D,20200605,000000,376.602,378.036,370.875,372.879,400187.4646464042,0
CDR,D,20200608,000000,368.587,370.875,353.983,353.983,486938.8700066766,0
CDR,D,20200609,000000,355.122,368.401,336.225,368.401,407641.5976320457,0
CDR,D,20200610,000000,370.875,375.364,363.716,375.364,293089.66679165146,0
CDR,D,20200612,000000,360.946,371.072,355.034,362.095,348808.8272213995,0
CDR,D,20200615,000000,357.99,364.482,356.085,356.173,314024.5702635437,0
CDR,D,20200616,000000,360.661,368.018,358.373,362.095,160286.7683556215,0
CDR,D,20200617,000000,366.387,373.645,360.376,369.825,284908.5496574305,0
CDR,D,20200618,000000,369.825,378.517,368.685,369.736,194160.76785013205,0
CDR,D,20200619,000000,356.468,376.032,356.369,374.883,902469.3656543884,0
CDR,D,20200622,000000,372.309,390.45,370.404,388.633,479928.66571680567,0
CDR,D,20200623,000000,388.83,393.308,382.042,385.676,251568.0791459071,0
CDR,D,20200624,000000,391.403,394.172,386.629,389.114,201152.64480852135,0
CDR,D,20200625,000000,389.497,393.887,386.629,393.887,236880.75933743385,0
CDR,D,20200626,000000,396.175,397.609,377.083,377.368,559922.3766875569,0
CDR,D,20200629,000000,376.13,384.625,372.309,383.388,307056.1115620392,0
CDR,D,20200630,000000,381.856,386.815,375.934,376.985,307354.4397910777,0
CDR,D,20200701,000000,377.564,385.774,372.309,384.91,236474.50348969703,0
CDR,D,20200702,000000,386.53,390.067,382.72,386.53,223958.97246121644,0
CDR,D,20200703,000000,388.535,391.216,385.48,387.582,113410.54536342275,0
CDR,D,20200706,000000,391.216,391.884,385.578,386.629,169468.76142549515,0
CDR,D,20200707,000000,386.629,388.918,382.239,386.059,197353.79626742026,0
CDR,D,20200708,000000,386.059,386.727,378.9,381.002,190830.28444676698,0
CDR,D,20200709,000000,381.09,382.72,368.401,368.401,459964.0926280968,0
CDR,D,20200710,000000,364.001,368.489,361.81,362.763,409335.8576085666,0
CDR,D,20200713,000000,365.631,367.919,351.98,352.736,475721.5249577965,0
CDR,D,20200714,000000,350.26,351.214,335.175,337.846,654492.4252928412,0
CDR,D,20200715,000000,341.186,361.997,341.186,348.443,591047.2764605499,0
CDR,D,20200716,000000,349.396,353.698,345.202,351.597,227150.98269342398,0
CDR,D,20200717,000000,352.647,354.749,349.592,354.17,229883.7914536313,0
CDR,D,20200720,000000,355.122,375.462,355.034,375.266,326263.15494970925,0
CDR,D,20200721,000000,378.988,379.951,362.763,363.716,428665.08320607385,0
CDR,D,20200722,000000,364.001,368.489,357.99,365.631,315133.37381789455,0
CDR,D,20200723,000000,367.635,372.024,364.767,369.923,344071.2120346551,0
CDR,D,20200724,000000,364.767,371.16,361.997,370.404,450196.6431360532,0
CDR,D,20200727,000000,370.404,383.005,365.72,381.09,526903.652661967,0
CDR,D,20200728,000000,379.568,379.951,372.496,377.27,300980.6011774891,0
CDR,D,20200729,000000,375.649,385.293,373.458,382.808,600773.9985493077,0
CDR,D,20200730,000000,387.582,392.169,379.852,380.422,659358.3317999268,0
CDR,D,20200731,000000,381.473,386.442,380.039,383.761,248770.10654045868,0
CDR,D,20200803,000000,381.856,399.8,381.286,398.08,713409.7050653008,0
CDR,D,20200804,000000,399.996,403.817,395.409,398.562,743830.0207615084,0
CDR,D,20200805,000000,397.894,400.468,389.88,391.403,358613.949561477,0
CDR,D,20200806,000000,392.836,398.66,389.114,393.789,247160.35592574117,0
CDR,D,20200807,000000,393.308,412.027,391.589,407.627,355832.2679173389,0
CDR,D,20200810,000000,407.627,415.269,404.956,406.105,284355.67515788105,0
CDR,D,20200811,000000,407.824,410.112,393.504,397.707,235005.2624163084,0
CDR,D,20200812,000000,397.707,401.332,391.403,399.043,240728.48076247584,0
CDR,D,20200813,000000,399.043,400.851,392.07,392.07,323493.6915265487,0
CDR,D,20200814,000000,391.216,397.04,388.535,392.07,177476.78709576672,0
CDR,D,20200817,000000,392.07,396.175,388.918,389.497,336907.26179739705,0
CDR,D,20200818,000000,389.497,391.019,383.191,387.867,256676.31370252592,0
CDR,D,20200819,000000,387.582,396.175,385.676,396.175,198933.00132966842,0
CDR,D,20200820,000000,395.223,395.223,386.246,390.067,145607.59402780337,0
CDR,D,20200821,000000,394.741,396.558,390.45,390.636,187375.5824633934,0
CDR,D,20200824,000000,395.409,400.094,393.121,395.792,195913.06437632962,0
CDR,D,20200825,000000,395.223,397.128,388.535,389.497,264300.48359686485,0
CDR,D,20200826,000000,390.921,417.842,389.301,417.174,263724.1908404306,0
CDR,D,20200827,000000,415.269,441.04,413.452,439.901,665582.4972064608,0
CDR,D,20200828,000000,434.646,437.514,423.665,425.768,369666.34862706286,0
CDR,D,20200831,000000,425.768,429.49,415.269,418.608,351589.4906804571,0
CDR,D,20200901,000000,418.608,427.486,416.604,420.709,293285.15832740505,0
CDR,D,20200902,000000,419.187,430.541,418.225,419.943,175315.18016659046,0
CDR,D,20200903,000000,423.292,426.534,410.308,411.064,316810.32464801444,0
CDR,D,20200904,000000,400.763,416.133,392.935,408.59,852492.7690873601,0
CDR,D,20200907,000000,410.593,419.187,406.39,416.801,159719.63926492303,0
CDR,D,20200908,000000,420.041,420.326,408.776,413.746,406609.1579588531,0
CDR,D,20200909,000000,413.363,414.601,407.254,412.401,439561.69995411125,0
CDR,D,20200910,000000,411.732,413.648,408.393,409.542,482891.58430554846,0
CDR,D,20200911,000000,410.495,413.363,407.725,410.681,443748.47701146745,0
CDR,D,20200914,000000,413.363,414.787,398.375,398.375,638741.1020736353,0
CDR,D,20200915,000000,398.277,398.277,382.337,384.724,471021.58261908585,0
CDR,D,20200916,000000,387.199,394.172,383.29,386.913,360041.4450465093,0
CDR,D,20200917,000000,383.761,387.778,378.802,385.676,344085.46662580414,0
CDR,D,20200918,000000,386.629,392.64,383.859,383.859,720346.6000292553,0
CDR,D,20200921,000000,383.761,390.636,367.821,367.821,441158.2141627503,0
CDR,D,20200922,000000,373.547,389.399,372.496,382.72,584670.3832917091,0
CDR,D,20200923,000000,382.72,390.833,382.72,388.535,336855.33435820416,0
CDR,D,20200924,000000,385.676,390.833,380.236,384.341,559571.1028342549,0
CDR,D,20200925,000000,386.246,391.403,381.954,391.403,294254.4705255077,0
CDR,D,20200928,000000,395.223,410.112,394.555,410.112,330496.76852084516,0
CDR,D,20200929,000000,410.397,414.984,405.241,411.83,326541.1194771049,0
CDR,D,20200930,000000,405.722,410.878,399.426,399.426,449061.36676957563,0
CDR,D,20201001,000000,397.992,397.992,359.895,365.248,1226286.840037042,0
CDR,D,20201002,000000,372.408,382.337,366.682,379.185,794139.5638503671,0
CDR,D,20201005,000000,384.724,391.884,377.181,380.619,406989.9591795338,0
CDR,D,20201006,000000,381.856,382.622,356.085,357.803,831446.8834415278,0
CDR,D,20201007,000000,358.275,362.576,349.111,359.993,554609.4869294588,0
CDR,D,20201008,000000,363.913,371.258,362.665,371.258,380398.019391806,0
CDR,D,20201009,000000,372.211,372.211,356.556,361.044,384908.57930525695,0
CDR,D,20201012,000000,360.857,365.337,354.17,354.17,451269.8102125214,0
CDR,D,20201013,000000,354.17,366.77,350.349,365.631,296512.8050374751,0
CDR,D,20201014,000000,365.631,379.656,362.861,371.357,444604.77066546876,0
CDR,D,20201015,000000,368.872,369.923,356.369,357.99,326253.9912839735,0
CDR,D,20201016,000000,360.857,372.309,360.857,361.427,657652.8717875088,0
CDR,D,20201019,000000,364.296,366.584,355.122,355.122,325114.6421771633,0
CDR,D,20201020,000000,355.122,360.857,345.772,351.214,508725.9943922475,0
CDR,D,20201021,000000,350.545,352.647,338.613,349.209,718860.0498094757,0
CDR,D,20201022,000000,343.67,359.424,341.765,349.975,349040.9734201063,0
CDR,D,20201023,000000,350.732,353.315,336.697,337.463,819165.5349819151,0
CDR,D,20201026,000000,338.416,349.013,337.944,343.67,392718.05888453306,0
CDR,D,20201027,000000,346.725,362.763,346.155,347.589,718834.5951824196,0
CDR,D,20201028,000000,333.171,337.846,305.485,315.984,1643242.7947996352,0
CDR,D,20201029,000000,320.757,340.331,318.852,337.944,800723.1485908584,0
CDR,D,20201030,000000,335.744,336.029,318.184,320.187,609779.8455999799,0
CDR,D,20201102,000000,328.015,332.975,325.913,327.151,485700.7569469141,0
CDR,D,20201103,000000,331.737,349.877,327.446,348.443,612952.5103156352,0
CDR,D,20201104,000000,348.443,369.353,343.484,363.913,790867.1169966788,0
CDR,D,20201105,000000,370.306,378.232,353.217,354.268,800329.1109641093,0
CDR,D,20201106,000000,356.085,371.357,354.651,365.72,396035.30588182976,0
CDR,D,20201109,000000,371.357,382.907,352.363,354.553,1019368.2131089063,0
CDR,D,20201110,000000,357.99,361.525,337.463,349.111,847171.7338486069,0
CDR,D,20201112,000000,354.17,361.241,350.545,355.505,465028.54522617784,0
CDR,D,20201113,000000,355.603,355.603,346.626,346.921,300046.9254572489,0
CDR,D,20201116,000000,353.217,355.034,344.053,344.053,322797.25293042854,0
CDR,D,20201117,000000,343.67,354.17,342.904,352.834,307737.27738192974,0
CDR,D,20201118,000000,354.17,361.614,353.217,357.509,324035.3659902012,0
CDR,D,20201119,000000,357.037,357.037,348.924,351.312,354560.554749865,0
CDR,D,20201120,000000,351.4,359.041,351.312,355.319,309589.3560461603,0
CDR,D,20201123,000000,360.376,371.357,355.122,355.702,341350.62149543554,0
CDR,D,20201124,000000,357.99,359.895,348.924,354.268,291578.68012989644,0
CDR,D,20201125,000000,355.319,356.556,346.626,347.491,363243.6371295333,0
CDR,D,20201126,000000,352.264,360.376,341.765,342.62,519951.4849217727,0
CDR,D,20201127,000000,342.718,347.491,336.608,346.243,400974.52171482163,0
CDR,D,20201130,000000,349.396,373.458,349.396,371.828,1104994.5239534772,0
CDR,D,20201201,000000,374.597,399.23,374.597,387.582,983062.7876384688,0
CDR,D,20201202,000000,392.552,406.675,386.344,405.722,592692.6635531298,0
CDR,D,20201203,000000,406.675,408.59,399.043,401.902,505371.0745469069,0
CDR,D,20201204,000000,403.62,423.38,403.336,422.909,493919.54692916886,0
CDR,D,20201207,000000,426.249,443.141,383.673,405.82,1495468.502917182,0
CDR,D,20201208,000000,381.856,391.786,367.536,377.083,1960093.846850905,0
CDR,D,20201209,000000,381.571,393.406,365.818,377.849,1480615.2189403942,0
CDR,D,20201210,000000,373.743,382.907,342.05,345.576,2143518.8711959915,0
CDR,D,20201211,000000,342.521,342.521,294.318,305.966,4154934.3371072854,0
CDR,D,20201214,000000,252.98,284.487,227.68,282.67,5619799.251013473,0
CDR,D,20201215,000000,290.016,302.431,280.666,286.392,2781910.7357864967,0
CDR,D,20201216,000000,285.724,290.213,276.845,286.392,1173635.4712595132,0
CDR,D,20201217,000000,291.165,299.66,291.165,295.172,1124400.1134321932,0
CDR,D,20201218,000000,248.206,260.237,231.5,259.088,5696244.586973392,0
CDR,D,20201221,000000,248.206,253.265,236.754,244.386,2839957.4673137856,0
CDR,D,20201222,000000,250.691,263.39,250.111,255.553,1565481.9637137852,0
CDR,D,20201223,000000,262.526,263.095,240.566,256.8,1517540.719125733,0
CDR,D,20201228,000000,252.98,261.573,245.437,261.573,1081553.8669946613,0
CDR,D,20201229,000000,266.818,272.259,261.956,267.781,723185.3000379996,0
CDR,D,20201230,000000,267.781,267.781,258.136,262.241,681027.346715983,0
CDR,D,20210104,000000,263.959,266.347,255.936,263.861,727606.2596642338,0
CDR,D,20210105,000000,263.095,263.095,251.643,253.648,950251.7733696101,0
CDR,D,20210107,000000,254.885,254.983,236.754,236.754,1595705.7696891888,0
CDR,D,20210108,000000,238.846,241.911,223.574,229.016,1593574.708312391,0
CDR,D,20210111,000000,229.114,245.339,229.114,234.839,833761.2181330107,0
CDR,D,20210112,000000,234.839,241.43,231.982,237.226,687531.513020074,0
CDR,D,20210113,000000,237.226,242,235.89,238.561,685939.0715517575,0
CDR,D,20210114,000000,241.911,264.53,239.898,252.98,1346209.6971851909,0
CDR,D,20210115,000000,252.98,255.082,239.71,244.582,796754.2631410499,0
CDR,D,20210118,000000,245.339,246.488,237.992,242,503050.6307449303,0
CDR,D,20210119,000000,243.718,245.339,231.785,236.941,788194.3811563094,0
CDR,D,20210120,000000,235.792,244.101,228.161,241.234,776777.4718313633,0
CDR,D,20210121,000000,243.433,248.687,240.192,241.715,944327.9725622858,0
CDR,D,20210122,000000,240.566,245.339,238.561,238.758,544629.2367552606,0
CDR,D,20210125,000000,240.566,264.058,238.944,263.193,1683465.1782806579,0
CDR,D,20210126,000000,260.709,286.392,260.709,286.392,2807162.7440062067,0
CDR,D,20210127,000000,294.033,329.351,294.033,301.477,6148186.399340048,0
CDR,D,20210128,000000,297.087,359.424,285.537,348.443,7183369.0631432505,0
CDR,D,20210129,000000,337.944,341.765,284.192,291.352,3087205.387156562,0
CDR,D,20210201,000000,291.647,301.665,278.083,291.932,1056582.8778576285,0
CDR,D,20210202,000000,291.647,292.03,269.588,270.452,1444724.1947983082,0
CDR,D,20210203,000000,271.12,282.188,270.55,274.94,722823.8443338712,0
CDR,D,20210204,000000,275.028,285.243,275.028,277.799,422503.027089549,0
CDR,D,20210205,000000,279.9,284.388,275.126,280.097,455004.51309346204,0
CDR,D,20210208,000000,283.524,284.29,273.31,273.31,507636.53635445883,0
CDR,D,20210209,000000,273.977,275.126,256.231,257.753,1179301.6712410443,0
CDR,D,20210210,000000,256.702,263.007,252.409,257.272,686383.0002475281,0
CDR,D,20210211,000000,256.319,259.088,255.848,258.234,367514.923548703,0
CDR,D,20210212,000000,256.898,257.468,248.491,251.074,384396.4322089832,0
CDR,D,20210215,000000,248.206,258.322,246.586,257.753,283796.69154783775,0
CDR,D,20210216,000000,258.705,260.807,254.6,257.851,342260.8789587809,0
CDR,D,20210217,000000,259.756,260.139,255.936,258.99,308234.1517019638,0
CDR,D,20210218,000000,258.99,270.638,256.987,262.526,522654.76631460135,0
CDR,D,20210219,000000,262.526,266.249,252.695,253.363,449519.5500564952,0
CDR,D,20210222,000000,254.316,256.034,246.301,246.389,489567.82388850825,0
CDR,D,20210223,000000,247.254,249.257,238.758,246.006,582614.6676110597,0
CDR,D,20210224,000000,246.488,250.406,244.386,246.488,357262.817957603,0
CDR,D,20210225,000000,243.433,244.386,237.805,240.192,804134.0686157043,0
CDR,D,20210226,000000,238.277,238.561,223.574,225.872,1548520.0184320142,0
CDR,D,20210301,000000,226.628,230.067,214.981,229.399,1140848.89343264,0
CDR,D,20210302,000000,229.978,234.751,225.293,230.351,706172.4455021262,0
CDR,D,20210303,000000,230.833,234.172,216.7,217.947,876394.6638883377,0
CDR,D,20210304,000000,217.947,226.727,215.747,224.34,557164.1133003035,0
CDR,D,20210305,000000,222.906,227.011,218.418,221.472,480232.08487125754,0
CDR,D,20210308,000000,224.242,226.727,221.472,221.472,426916.8594202089,0
CDR,D,20210309,000000,221.001,223.103,212.888,212.888,1069327.5005295337,0
CDR,D,20210310,000000,212.888,216.415,200.661,200.661,1324044.8261342314,0
CDR,D,20210311,000000,200.955,213.458,197.233,210.973,1256779.4468741156,0
CDR,D,20210312,000000,212.888,224.438,210.305,216.228,887015.3524791306,0
CDR,D,20210315,000000,220.52,223.957,215.275,219.469,548766.1227436054,0
CDR,D,20210316,000000,222.435,225.391,216.228,219.086,438526.2057256667,0
CDR,D,20210317,000000,219.567,221.472,212.977,220.52,561073.9440153447,0
CDR,D,20210318,000000,220.52,221.188,210.688,210.688,664511.3665001538,0
CDR,D,20210319,000000,210.688,216.7,208.017,213.075,1006722.3543899131,0
CDR,D,20210322,000000,210.973,210.973,206.966,207.153,561913.9467080357,0
CDR,D,20210323,000000,208.116,210.973,201.81,210.688,617236.0149557928,0
CDR,D,20210324,000000,209.451,212.309,205.346,207.251,503587.2142831695,0
CDR,D,20210325,000000,209.922,211.838,198.657,198.657,775644.2318350469,0
CDR,D,20210326,000000,200.474,207.065,199.993,202.379,457880.88595023006,0
CDR,D,20210329,000000,208.116,232.453,206.2,228.829,2184102.710381193,0
CDR,D,20210330,000000,238.66,240.192,206.966,208.017,1731522.495967983,0
CDR,D,20210331,000000,190.741,194.464,173.269,181.863,3696577.9587237746,0
CDR,D,20210401,000000,182.148,188.807,176.668,185.752,1105792.7810578824,0
CDR,D,20210406,000000,189.956,191.881,185.222,188.139,769891.4861215008,0
CDR,D,20210407,000000,189.229,189.818,182.334,183.061,547215.4268636553,0
CDR,D,20210408,000000,183.081,183.081,173.839,174.703,1232169.9134410603,0
CDR,D,20210409,000000,175.194,183.287,173.367,176.019,1111837.745889953,0
CDR,D,20210412,000000,177.276,179.565,175.066,178.042,409877.5320722089,0
CDR,D,20210413,000000,178.711,181.863,177.542,178.042,379047.9059730126,0
CDR,D,20210414,000000,179.948,181.667,175.842,177.335,573459.147353323,0
CDR,D,20210415,000000,177.561,180.233,176.628,178.916,340476.00050995266,0
CDR,D,20210416,000000,181.382,183.768,167.062,168.741,1784391.7563531501,0
CDR,D,20210419,000000,170.823,176.706,169.066,169.449,717662.6641529888,0
CDR,D,20210420,000000,170.401,172.984,164.41,165.156,598471.8820788127,0
CDR,D,20210421,000000,165.156,171.796,159.716,164.773,770189.8143505395,0
CDR,D,20210422,000000,167.73,168.683,164.488,165.628,316619.9240376741,0
CDR,D,20210423,000000,168.948,170.883,159.902,163.379,742292.5612876265,0
CDR,D,20210426,000000,165.609,166.011,157.614,161.316,722529.588845155,0
CDR,D,20210427,000000,158.468,165.481,158.468,160.668,643698.6452380988,0
CDR,D,20210428,000000,162.289,166.778,160.953,164.675,697931.2554480673,0
CDR,D,20210429,000000,167.062,168.968,162.858,167.288,549441.179453002,0
CDR,D,20210430,000000,167.789,171.59,166.109,166.217,502955.9395323004,0
CDR,D,20210504,000000,167.268,167.828,160.089,161.258,619920.9690171399,0
CDR,D,20210505,000000,160.383,160.776,149.207,154.177,808872.7019875394,0
CDR,D,20210506,000000,153.223,153.96,147.606,149.423,810525.2163756939,0
CDR,D,20210507,000000,149.874,154.137,149.06,154.137,471284.27437025186,0
CDR,D,20210510,000000,155.611,157.899,149.501,149.551,490671.53651744593,0
CDR,D,20210511,000000,149.846,149.953,144.227,147.262,807939.0262672993,0
CDR,D,20210512,000000,148.214,163.035,144.895,153.696,1009431.744893276,0
CDR,D,20210513,000000,154.845,156.671,148.677,150.758,632901.8106281146,0
CDR,D,20210514,000000,152.242,159.195,148.067,157.398,644086.5737543642,0
CDR,D,20210517,000000,159.421,169.93,157.997,163.929,971475.8414048151,0
CDR,D,20210518,000000,166.581,168.643,159.657,162.289,980316.7424721931,0
CDR,D,20210519,000000,161.336,162.573,158.468,161.395,606384.1983513738,0
CDR,D,20210520,000000,161.542,168.32,161.523,167.544,714032.8343355046,0
CDR,D,20210521,000000,167.544,168.358,163.684,165.156,690772.3961362225,0
CDR,D,20210524,000000,164.194,164.194,160.472,160.59,485010.42746128776,0
CDR,D,20210525,000000,161.542,165.785,154.746,157.418,672436.9191787833,0
CDR,D,20210526,000000,157.516,160.55,154.274,154.274,411018.91754918033,0
CDR,D,20210527,000000,158.085,167.544,157.997,167.544,1165195.7351144287,0
CDR,D,20210528,000000,169.635,174.664,166.109,170.48,627203.0287239125,0
CDR,D,20210531,000000,171.875,171.875,165.274,165.726,535554.1531190046,0
CDR,D,20210601,000000,153.331,155.178,149.874,150.64,1866393.3283057308,0
CDR,D,20210602,000000,151.25,158.891,150.071,158.695,1270173.671628331,0
CDR,D,20210604,000000,161.876,168.142,158.93,168.142,525758.194444673,0
CDR,D,20210607,000000,167.612,170.578,164.135,166.728,462941.26580798853,0
CDR,D,20210608,000000,166.257,169.124,164.999,167.946,425631.9098466667,0
CDR,D,20210609,000000,169.91,175.607,167.749,173.347,895837.9262150371,0
CDR,D,20210610,000000,173.937,175.076,169.497,170.893,289383.4730930089,0
CDR,D,20210611,000000,170.893,183.169,169.734,182.481,686973.5475951214,0
CDR,D,20210614,000000,182.874,184.544,179.397,183.444,413854.5630026726,0
CDR,D,20210615,000000,188.08,201.044,187.49,195.426,1601521.642877764,0
CDR,D,20210616,000000,203.303,207.869,182.678,182.816,1557341.5739827894,0
CDR,D,20210617,000000,181.695,183.071,175.037,177.767,858533.6611791283,0
CDR,D,20210618,000000,178.749,180.576,175.803,180.576,905496.4299033018,0
CDR,D,20210621,000000,180.576,181.322,176.215,180.105,261484.1836599348,0
CDR,D,20210622,000000,179.712,182.639,173.957,174.605,362933.090679507,0
CDR,D,20210623,000000,173.937,175.528,169.95,174.821,585568.4225340667,0
CDR,D,20210624,000000,174.821,179.142,173.387,176.824,401469.3596646944,0
CDR,D,20210625,000000,176.786,180.812,175.803,176.51,520511.48671689664,0
CDR,D,20210628,000000,176.412,184.249,174.879,182.187,513270.15441339964,0
CDR,D,20210629,000000,181.695,189.788,181.695,184.996,679952.1432693434,0
CDR,D,20210630,000000,184.033,186.606,179.339,181.715,515475.54330111365,0
CDR,D,20210701,000000,181.794,187.55,181.794,185.389,371766.86445132055,0
CDR,D,20210702,000000,186.293,189.357,185.428,186.803,268993.29864000104,0
CDR,D,20210705,000000,189.18,189.455,185.958,188.473,149600.91591957735,0
CDR,D,20210706,000000,188.473,189.062,183.975,183.975,445706.44692423503,0
CDR,D,20210707,000000,186.293,190.044,183.522,189.946,414932.82100455416,0
CDR,D,20210708,000000,188.571,190.437,183.483,184.131,325598.2800911391,0
CDR,D,20210709,000000,185.762,186.489,183.758,184.642,224846.8298527576,0
CDR,D,20210712,000000,186.803,198.392,186.704,198.244,1051480.7524114533,0
CDR,D,20210713,000000,198.883,202.469,197.705,199.816,424730.81604905706,0
CDR,D,20210714,000000,199.375,199.571,192.008,192.441,335093.87416627083,0
CDR,D,20210715,000000,192.479,194.129,189.671,191.438,407428.79694989114,0
CDR,D,20210716,000000,191.458,194.424,190.044,190.672,284203.9655806552,0
CDR,D,20210719,000000,190.143,190.536,181.342,182.972,517859.1145781702,0
CDR,D,20210720,000000,183.522,185.428,181.833,184.249,406870.83152493846,0
CDR,D,20210721,000000,184.642,190.771,177.178,181.185,423454.0119561801,0
CDR,D,20210722,000000,183.955,187.588,181.932,182.717,258756.4658251407,0
CDR,D,20210723,000000,184.151,185.703,182.541,182.953,223451.91629036597,0
CDR,D,20210726,000000,185.527,185.527,179.084,180.714,344902.0510616002,0
CDR,D,20210727,000000,181.126,181.48,177.983,179.948,322866.48951601237,0
CDR,D,20210728,000000,179.948,180.773,173.642,180.498,681297.1657627235,0
CDR,D,20210729,000000,182.678,185.919,179.594,180.714,549836.2352648317,0
CDR,D,20210730,000000,179.397,181.5,175.449,181.44,312687.69325081864,0
CDR,D,20210802,000000,180.203,180.203,171.482,171.875,843849.3959258969,0
CDR,D,20210803,000000,173.839,174.212,170.991,172.385,418846.724459928,0
CDR,D,20210804,000000,172.385,174.821,169.576,171.973,248565.45133896935,0
CDR,D,20210805,000000,172.739,176.569,171.619,175.056,295857.09384464065,0
CDR,D,20210806,000000,175.116,175.154,170.401,171.011,185100.95699010565,0
CDR,D,20210809,000000,171.875,172.11,167.612,168.928,234301.69652461365,0
CDR,D,20210810,000000,169.517,169.714,163.193,163.193,536608.9928640013,0
CDR,D,20210811,000000,163.231,165.549,161.149,164.371,230603.6483066363,0
CDR,D,20210812,000000,164.017,165.078,161.797,163.88,178725.08200635575,0
CDR,D,20210813,000000,164.607,169.792,163.507,165.884,201084.42640802826,0
CDR,D,20210816,000000,165.884,167.454,162.053,162.053,284280.32946180337,0
CDR,D,20210817,000000,162.545,168.476,161.562,167.965,403969.00404111436,0
CDR,D,20210818,000000,167.101,167.357,163.526,163.624,218801.8650206668,0
CDR,D,20210819,000000,164.095,165.667,161.641,165.294,196421.13873227077,0
CDR,D,20210820,000000,165.274,165.294,161.444,162.78,420206.00154445716,0
CDR,D,20210823,000000,163.193,164.783,161.268,162.269,194880.62470313706,0
CDR,D,20210824,000000,163.251,163.899,162.072,162.819,182185.89310021314,0
CDR,D,20210825,000000,162.76,163.428,161.208,162.623,234100.0958783763,0
CDR,D,20210826,000000,162.034,167.847,160.285,165.039,468417.06517921964,0
CDR,D,20210827,000000,165.216,165.471,162.545,164.783,209360.23475487911,0
CDR,D,20210830,000000,164.881,166.846,161.464,164.626,448320.1280298471,0
CDR,D,20210831,000000,164.783,169.537,164.292,166.296,731089.4708298955,0
CDR,D,20210901,000000,167.946,170.794,166.375,167.317,446597.3588710282,0
CDR,D,20210902,000000,176.786,189.513,176.393,186.587,1648490.5207124518,0
CDR,D,20210903,000000,186.587,188.629,181.695,183.68,433957.609262539,0
CDR,D,20210906,000000,183.994,185.821,181.715,184.642,303865.1195149122,0
CDR,D,20210907,000000,183.562,184.23,178.553,181.695,432452.73171127785,0
CDR,D,20210908,000000,181.695,181.695,175.116,175.312,474538.3938924687,0
CDR,D,20210909,000000,174.723,177.453,173.446,177.453,331577.062892898,0
CDR,D,20210910,000000,177.472,180.576,175.98,178.18,313364.7863303867,0
CDR,D,20210913,000000,179.004,185.33,178.258,184.583,498257.0153786704,0
CDR,D,20210914,000000,185.625,186.371,180.949,185.408,435293.46809018345,0
CDR,D,20210915,000000,184.053,188.178,183.307,187.452,357224.1269244886,0
CDR,D,20210916,000000,187.588,192.99,187.588,192.853,608791.1878853252,0
CDR,D,20210917,000000,193.482,195.858,188.846,191.517,1098901.704422526,0
CDR,D,20210920,000000,188.689,188.826,180.714,181.126,391293.6179547527,0
CDR,D,20210921,000000,180.91,184.642,179.732,181.5,373774.7254331097,0
CDR,D,20210922,000000,182.874,189.239,182.481,186.704,451874.61215126375,0
CDR,D,20210923,000000,187.588,192.99,187.019,189.553,261670.51152995258,0
CDR,D,20210924,000000,189.297,189.357,180.733,180.733,369801.76724297844,0
CDR,D,20210927,000000,182.088,182.816,174.035,177.944,301197.4745999662,0
CDR,D,20210928,000000,177.079,181.695,175.803,180.537,235098.93544385763,0
CDR,D,20210929,000000,180.714,183.562,179.732,180.812,140105.32184443553,0
CDR,D,20210930,000000,182.776,188.374,181.185,188.374,370771.0794410811,0
CDR,D,20211001,000000,187.097,191.91,183.189,186.155,441695.8158860701,0
CDR,D,20211004,000000,184.76,184.76,179.241,180.812,430942.76323460345,0
CDR,D,20211005,000000,180.714,190.536,179.241,190.536,525981.1769776338,0
CDR,D,20211006,000000,189.258,190.319,184.642,189.69,382589.15368836094,0
CDR,D,20211007,000000,186.606,193.776,186.293,190.634,503752.1602664637,0
CDR,D,20211008,000000,190.417,193.187,189.219,191.38,257756.60807456868,0
CDR,D,20211011,000000,191.282,194.366,189.357,191.713,277220.23410292104,0
CDR,D,20211012,000000,191.675,201.142,191.675,200.259,629265.8717001363,0
CDR,D,20211013,000000,199.423,205.66,197.213,205.12,409853.0956302435,0
CDR,D,20211014,000000,205.071,208.214,195.74,196.428,588150.5399021289,0
CDR,D,20211015,000000,197.213,197.41,184.662,184.76,981405.1823249011,0
CDR,D,20211018,000000,185.428,188.08,182.776,185.683,340418.9821453566,0
CDR,D,20211019,000000,185.723,193.993,185.723,193.953,309331.7552204075,0
CDR,D,20211020,000000,193.482,194.051,190.044,190.143,212851.59140120586,0
CDR,D,20211021,000000,180.144,181.166,172.621,177.767,1283333.7138137994,0
CDR,D,20211022,000000,177.767,181.677,177.767,180.989,294764.5812516101,0
CDR,D,20211025,000000,182.187,184.328,181.402,183.857,226842.47261356903,0
CDR,D,20211026,000000,183.915,185.134,178.749,178.749,219205.0663131617,0
CDR,D,20211027,000000,178.573,179.869,173.053,174.841,355046.229034002,0
CDR,D,20211028,000000,175.783,177.296,169.734,169.734,376737.64402185235,0
CDR,D,20211029,000000,170.991,174.035,169.497,170.774,390645.0340574928,0
CDR,D,20211102,000000,173.053,173.053,167.612,170.323,329066.21848057094,0
CDR,D,20211103,000000,170.716,174.153,169.91,170.5,414200.7459305614,0
CDR,D,20211104,000000,170.912,178.356,170.127,177.865,286522.37301247055,0
CDR,D,20211105,000000,178.749,179.928,174.251,175.627,210467.00193905865,0
CDR,D,20211108,000000,175.627,178.631,175.037,175.803,87254.38879080437,0
CDR,D,20211109,000000,175.214,179.594,175.056,178.455,198493.14537423043,0
CDR,D,20211110,000000,179.004,179.241,175.174,177.512,151179.10279674488,0
CDR,D,20211112,000000,179.241,183.935,178.828,181.5,311350.8162381037,0
CDR,D,20211115,000000,181.421,186.469,180.046,180.046,262559.3871065744,0
CDR,D,20211116,000000,180.714,184.013,179.122,179.732,251846.04367331287,0
CDR,D,20211117,000000,181.205,181.205,176.019,176.726,202533.30377977403,0
CDR,D,20211118,000000,176.706,178.631,174.821,178.101,184563.35526678586,0
CDR,D,20211119,000000,176.786,186.214,175.312,185.625,472339.11411524855,0
CDR,D,20211122,000000,185.625,193.973,183.267,191.007,615446.0455815614,0
CDR,D,20211123,000000,190.536,197.41,186.999,197.41,977343.6420326239,0
CDR,D,20211124,000000,196.311,197.41,183.169,183.209,566641.3800439638,0
CDR,D,20211125,000000,185.625,187.569,181.873,183.738,198408.636012417,0
CDR,D,20211126,000000,181.695,183.464,177.865,182.206,563881.0802865389,0
CDR,D,20211129,000000,183.66,195.25,183.602,188.099,548681.613381792,0
CDR,D,20211130,000000,176.786,183.169,172.169,181.205,992832.2735006737,0
CDR,D,20211201,000000,180.262,182.285,174.919,181.695,459169.90826410486,0
CDR,D,20211202,000000,179.241,180.419,174.33,176.786,367702.2696038014,0
CDR,D,20211203,000000,178.337,180.301,176.706,178.219,633186.9024510848,0
CDR,D,20211206,000000,178.848,182.03,177.865,180.714,283718.2912965182,0
CDR,D,20211207,000000,181.597,186.293,180.125,182.266,371575.4456558895,0
CDR,D,20211208,000000,182.088,184.701,180.262,182.874,254503.50673744254,0
CDR,D,20211209,000000,180.714,183.425,175.39,176.923,324873.33231272077,0
CDR,D,20211210,000000,176.569,178.062,174.879,175.351,150066.22650207148,0
CDR,D,20211213,000000,175.469,180.301,175.469,179.359,271505.1612374087,0
CDR,D,20211214,000000,179.359,180.969,169.832,169.832,455675.4970625261,0
CDR,D,20211215,000000,170.107,178.318,169.852,175.803,377530.8102007637,0
CDR,D,20211216,000000,180.223,183.896,177.767,180.674,472794.24284692627,0
CDR,D,20211217,000000,179.457,185.683,178.848,185.585,766349.220221072,0
CDR,D,20211220,000000,180.949,189.592,180.773,189.592,416166.8613239942,0
CDR,D,20211221,000000,187.588,189.553,183.68,187.943,224572.93806569453,0
CDR,D,20211222,000000,187.981,194.306,187.588,194.306,340439.3458469995,0
CDR,D,20211223,000000,194.306,194.326,187.805,191.105,228421.67767581716,0
CDR,D,20211227,000000,187.765,193.737,184.839,191.793,306510.3643580642,0
CDR,D,20211228,000000,190.536,191.713,186.214,187.097,264738.30318214156,0
CDR,D,20211229,000000,186.116,190.044,185.153,186.724,165644.45825733792,0
CDR,D,20211230,000000,185.821,189.455,185.821,189.455,165777.8405030822,0
CDR,D,20220103,000000,189.435,198.294,188.924,197.017,662621.6149878793,0
CDR,D,20220104,000000,197.312,198.196,194.169,194.915,523189.3134826692,0
CDR,D,20220105,000000,194.464,200.357,193.678,200.357,355236.62964434235,0
CDR,D,20220107,000000,196.821,197.951,192.381,195.092,540303.9865267469,0
CDR,D,20220110,000000,195.053,196.094,184.741,184.741,410674.77099145285,0
CDR,D,20220111,000000,186.116,189.651,184.839,185.192,349787.3030852481,0
CDR,D,20220112,000000,185.919,193.147,182.678,192.499,533519.8193250888,0
CDR,D,20220113,000000,189.553,194.228,188.571,189.573,299803.5792226451,0
CDR,D,20220114,000000,189.513,191.851,186.311,187.588,261369.12874566205,0
CDR,D,20220117,000000,188.08,188.394,185.33,187.588,115894.91696361305,0
CDR,D,20220118,000000,186.606,204.384,183.13,190.536,1495704.7218562313,0
CDR,D,20220119,000000,188.571,188.944,183.66,184.387,551661.8411169357,0
CDR,D,20220120,000000,185.919,188.924,184.131,186.606,401786.01522520446,0
CDR,D,20220121,000000,185.625,187.588,180.871,182.678,383948.4307728901,0
CDR,D,20220124,000000,181.695,184.151,172.856,174.821,501687.28092007857,0
CDR,D,20220125,000000,174.821,177.65,169.321,169.734,524668.7364068843,0
CDR,D,20220126,000000,170.401,174.035,168.948,170.028,321871.7226908535,0
CDR,D,20220127,000000,168.889,172.581,165.549,172.267,274820.3718645441,0
CDR,D,20220128,000000,171.875,173.74,163.133,163.251,482964.8936314548,0
CDR,D,20220131,000000,166.178,176.844,163.526,176.844,533842.5839960927,0
CDR,D,20220201,000000,178.042,182.579,174.644,177.708,904329.5897992842,0
CDR,D,20220202,000000,178.749,183.267,177.708,182.521,379712.78083158284,0
CDR,D,20220203,000000,179.967,182.521,179.201,181.695,114576.3672823596,0
CDR,D,20220204,000000,179.732,183.994,174.703,174.703,366916.2307204646,0
CDR,D,20220207,000000,174.841,178.082,172.856,176.353,414431.87394418754,0
CDR,D,20220208,000000,176.058,176.786,170.303,175.272,504048.4521253309,0
CDR,D,20220209,000000,176.589,180.321,174.762,180.321,370573.5515351663,0
CDR,D,20220210,000000,180.518,180.714,174.978,178.238,201413.3001895261,0
CDR,D,20220211,000000,177.532,177.532,173.642,174.841,246975.04624081406,0
CDR,D,20220214,000000,170.578,177.552,169.812,175.607,474927.3405938045,0
CDR,D,20220215,000000,176.786,184.013,176.215,177.63,633601.3037794767,0
CDR,D,20220216,000000,184.151,184.642,176.981,178.553,340296.79993551946,0
CDR,D,20220217,000000,178.749,180.518,175.41,176.786,352355.16586216114,0
CDR,D,20220218,000000,176.786,179.064,171.678,171.678,279145.62209305796,0
CDR,D,20220221,000000,173.407,174.035,165.373,165.982,328256.76134034933,0
CDR,D,20220222,000000,163.035,168.044,156.357,168.044,410774.55312948587,0
CDR,D,20220223,000000,172.601,176.687,165.982,166.375,425897.65615308465,0
CDR,D,20220224,000000,157.143,161.071,147.518,157.005,777044.2363228519,0
CDR,D,20220225,000000,161.386,164.488,157.358,161.464,434823.0665822761,0
CDR,D,20220228,000000,158.537,166.964,156.199,165.392,665351.3691928448,0
CDR,D,20220301,000000,166.964,168.889,163.939,165.294,608337.0773387281,0
CDR,D,20220302,000000,164.017,171.875,163.016,169.439,592436.0809124577,0
CDR,D,20220303,000000,168.437,168.928,160.089,160.089,442289.4177889053,0
CDR,D,20220304,000000,160.089,162.918,156.71,158.4,318252.0747241958,0
CDR,D,20220307,000000,155.178,160.56,152.232,159.971,589144.288542207,0
CDR,D,20220308,000000,159.106,161.935,153.214,155.139,445168.8452009253,0
CDR,D,20220309,000000,157.536,161.562,157.299,159.166,357628.3464020641,0
CDR,D,20220310,000000,159.814,161.444,155.178,155.178,304020.9018324707,0
CDR,D,20220311,000000,157.476,162.328,155.689,160.6,349702.7937234346,0
CDR,D,20220314,000000,160.718,163.722,157.653,159.794,305567.5249720883,0
CDR,D,20220315,000000,160.089,166.375,158.851,163.939,363128.58221526054,0
CDR,D,20220316,000000,165.982,169.282,163.094,167.259,527475.8726780786,0
CDR,D,20220317,000000,168.437,170.794,165.785,169.91,395096.53923618636,0
CDR,D,20220318,000000,170.676,171.266,165.196,167.081,518262.3158706651,0
CDR,D,20220321,000000,165.549,169.714,165.196,168.26,186481.61596135836,0
CDR,D,20220322,000000,183.602,183.798,168.613,171.069,1128896.4187544347,0
CDR,D,20220323,000000,171.757,178.16,171.187,174.781,500830.9872660773,0
CDR,D,20220324,000000,174.821,174.841,170.893,172.837,242183.46724471546,0
CDR,D,20220325,000000,172.954,175.744,170.893,172.307,223210.6064259134,0
CDR,D,20220328,000000,171.992,175.665,170.676,173.249,210813.18486695748,0
CDR,D,20220329,000000,174.075,176.412,171.384,175.116,279920.4609404977,0
CDR,D,20220330,000000,175.116,179.535,174.624,178.376,289519.90989400516,0
CDR,D,20220331,000000,177.276,178.769,170.637,170.637,456483.9360176671,0
CDR,D,20220401,000000,170.893,173.544,170.008,172.621,231734.85193278128,0
CDR,D,20220404,000000,171.875,172.758,169.026,171.011,193213.85572383358,0
CDR,D,20220405,000000,171.875,176.706,171.364,173.151,341535.93118036265,0
CDR,D,20220406,000000,174.899,174.899,170.519,171.973,190677.55668446046,0
CDR,D,20220407,000000,173.446,174.173,170.598,170.893,241446.30124531957,0
CDR,D,20220408,000000,172.856,172.856,167.454,167.828,204442.40080861072,0
CDR,D,20220411,000000,167.062,172.758,165.884,172.641,242178.37631930225,0
CDR,D,20220412,000000,171.639,171.777,165.687,165.785,257648.68045588053,0
CDR,D,20220413,000000,166.964,168.26,165.176,166.846,126640.84231949513,0
CDR,D,20220414,000000,164.823,167.219,160.049,164.017,475842.6889825631,0
CDR,D,20220419,000000,164.017,164.96,147.125,147.223,1701109.3075673599,0
CDR,D,20220420,000000,147.321,149.678,134.985,134.985,1251988.8860630372,0
CDR,D,20220421,000000,135.535,137.244,125.517,126.343,1430051.129580984,0
CDR,D,20220422,000000,126.696,129.74,123.377,125.321,1089837.8208221972,0
CDR,D,20220425,000000,124.732,128.955,123.455,128.386,939674.8667373448,0
CDR,D,20220426,000000,129.583,130.821,124.516,125.675,579949.059066275,0
CDR,D,20220427,000000,125.714,128.582,122.767,126.814,655150.1728558469,0
CDR,D,20220428,000000,127.678,128.366,120.155,121.274,653223.7666806193,0
CDR,D,20220429,000000,121.943,124.634,117.602,118.819,654298.9701272589,0
CDR,D,20220502,000000,117.68,119.055,113.437,117.287,396315.30677938665,0
CDR,D,20220504,000000,117.857,121.471,113.162,120.862,762041.279138939,0
CDR,D,20220505,000000,122.473,123.18,116.776,117.346,424828.5618169389,0
CDR,D,20220506,000000,114.911,116.345,112.318,115.637,506131.6588031977,0
CDR,D,20220509,000000,115.637,115.892,112.102,113.005,303030.20774764457,0
CDR,D,20220510,000000,115.264,116.089,111.257,114.42,305962.580783928,0
CDR,D,20220511,000000,115.362,119.291,113.712,118.917,415447.00447098917,0
CDR,D,20220512,000000,115.028,117.385,111.591,114.538,395517.0496750621,0
CDR,D,20220513,000000,115.284,119.546,114.183,118.525,334098.08915603143,0
CDR,D,20220516,000000,118.348,119.232,114.793,114.793,237444.83387289042,0
CDR,D,20220517,000000,116.364,123.16,115.304,121.923,558355.3898462965,0
CDR,D,20220518,000000,122.571,122.728,116.698,116.973,437498.8569778874,0
CDR,D,20220519,000000,115.107,115.932,112.691,114.793,689042.499681829,0
CDR,D,20220520,000000,114.911,119.507,114.556,116.246,396505.707389727,0
CDR,D,20220523,000000,117.857,119.684,113.457,114.538,282691.96073381946,0
CDR,D,20220524,000000,113.575,114.714,108.841,109.018,575507.7357383978,0
CDR,D,20220525,000000,109.018,109.391,103.989,106.072,489114.7315270019,0
CDR,D,20220526,000000,106.562,109.607,104.716,108.645,385468.5811003809,0
CDR,D,20220527,000000,110.059,112.691,105.286,110.275,607009.3639917489,0
CDR,D,20220530,000000,111.964,115.873,111.001,111.08,348068.6066667517,0
CDR,D,20220531,000000,111.08,111.139,106.543,106.72,1205014.917302997,0
CDR,D,20220601,000000,107.348,108.645,106.267,106.425,294006.03336549073,0
CDR,D,20220602,000000,107.112,107.112,104.558,106.012,250655.78531240052,0
CDR,D,20220603,000000,106.955,107.741,102.142,102.339,264823.8307290356,0
CDR,D,20220606,000000,102.732,106.798,101.73,104.991,280887.7367684391,0
CDR,D,20220607,000000,104.558,104.971,101.671,103.301,397671.529308674,0
CDR,D,20220608,000000,102.417,103.969,101.18,101.534,352142.36518000654,0
CDR,D,20220609,000000,101.651,101.651,91.4863,92.272,1124227.0219681833,0
CDR,D,20220610,000000,91.5845,94.1872,88.0586,91.9577,965874.8052684849,0
CDR,D,20220613,000000,89.964,91.1229,86.7229,86.8506,605177.6490291512,0
CDR,D,20220614,000000,86.9194,90.7498,84.8176,89.7676,614518.4789718151,0
CDR,D,20220615,000000,89.8657,90.2587,88.3042,90.1703,421333.13243027957,0
CDR,D,20220617,000000,88.7462,91.6926,88.3926,88.9131,864526.6985720363,0
CDR,D,20220620,000000,88.9818,91.8497,88.9818,90.8479,219912.70494517894,0
CDR,D,20220621,000000,91.5256,92.0265,89.139,89.7381,289833.5108992734,0
CDR,D,20220622,000000,88.5792,90.072,86.7917,89.3256,251463.20608246088,0
CDR,D,20220623,000000,88.3926,90.0622,87.4596,89.0506,210550.49311579147,0
CDR,D,20220624,000000,89.8657,92.9694,89.0702,92.7238,230172.9560169341,0
CDR,D,20220627,000000,93.0087,93.7943,91.4175,93.2836,330190.2948111514,0
CDR,D,20220628,000000,93.6961,96.1023,93.3033,95.6604,296695.06016716023,0
CDR,D,20220629,000000,94.7765,96.5934,92.5274,96.5934,318261.2383899315,0
CDR,D,20220630,000000,95.2676,99.2944,93.7059,93.9712,584329.2912892236,0
CDR,D,20220701,000000,93.6961,96.5247,91.889,96.2104,315327.8471685574,0
CDR,D,20220704,000000,97.1431,97.1431,93.3824,94.5632,261154.97934074243,0
CDR,D,20220705,000000,96.0318,96.0318,88.1929,91.1201,375560.44369050633,0
CDR,D,20220706,000000,90.8918,98.314,90.743,96.6966,494381.04126950813,0
CDR,D,20220707,000000,97.1332,103.117,96.7462,102.978,452801.59210906597,0
CDR,D,20220708,000000,102.998,104.089,99.723,102.998,316245.8850646159,0
CDR,D,20220711,000000,103.196,105.2,101.827,103.692,436419.94621971145,0
CDR,D,20220712,000000,103.692,103.692,100.12,101.231,424056.3638284102,0
CDR,D,20220713,000000,101.231,101.727,95.4662,96.8951,220306.1787973277,0
CDR,D,20220714,000000,96.8951,98.1553,93.0848,94.087,280270.76274457364,0
CDR,D,20220715,000000,94.2656,96.8157,92.281,92.5985,339295.0775060448,0
CDR,D,20220718,000000,94.2656,94.8212,90.5545,93.0848,350461.4039566168,0
CDR,D,20220719,000000,93.0748,93.2733,90.0186,93.2634,285617.09503882314,0
CDR,D,20220720,000000,94.8708,95.0495,91.0903,93.6702,353392.06075429404,0
CDR,D,20220721,000000,94.2656,94.5632,90.9712,91.8345,423219.89713581325,0
CDR,D,20220722,000000,92.281,98.0362,91.9833,97.7484,395757.58704753825,0
CDR,D,20220725,000000,96.2501,96.2501,89.4034,89.4034,538913.3186339374,0
CDR,D,20220726,000000,89.0363,89.8996,86.129,88.9371,474895.39849678165,0
CDR,D,20220727,000000,90.4949,90.4949,85.8313,88.2524,368702.42460240686,0
CDR,D,20220728,000000,91.0705,91.1796,87.3891,87.8158,243599.25670816444,0
CDR,D,20220729,000000,89.205,90.108,88.1135,90.108,327430.3517567141,0
CDR,D,20220801,000000,88.6096,90.4453,86.7243,89.6714,229249.31786974432,0
CDR,D,20220802,000000,89.3042,89.4531,85.732,85.8313,302391.77949457866,0
CDR,D,20220803,000000,85.9107,88.5005,85.8809,87.022,254370.52900994362,0
CDR,D,20220804,000000,87.8158,92.8268,87.022,91.765,442656.15813994064,0
CDR,D,20220805,000000,91.7849,94.1564,91.3086,91.9436,429798.75806264847,0
CDR,D,20220808,000000,92.7772,92.7772,89.4134,90.9911,334399.2278763626,0
CDR,D,20220809,000000,91.259,92.4199,87.7761,87.8158,237177.61120788963,0
CDR,D,20220810,000000,88.8081,92.033,86.9228,91.2888,283729.5021289024,0
CDR,D,20220811,000000,91.2888,95.1586,90.7529,94.8708,343473.37980424624,0
CDR,D,20220812,000000,95.6547,95.6547,92.4696,93.2733,287448.25164177344,0
CDR,D,20220816,000000,94.7319,95.9425,91.1002,91.8345,298128.82273592165,0
CDR,D,20220817,000000,91.8345,93.1641,90.9911,92.7772,288597.13360509946,0
CDR,D,20220818,000000,92.7772,93.7694,90.098,91.388,188176.78768083983,0
CDR,D,20220819,000000,90.2667,90.6934,88.2425,88.2425,472388.01400138246,0
CDR,D,20220822,000000,87.7166,88.2425,85.0375,85.3947,499988.39148349577,0
CDR,D,20220823,000000,85.3947,85.7916,83.2514,83.3506,372934.13983399095,0
CDR,D,20220824,000000,83.3506,84.2933,81.9416,83.3605,363105.15230037825,0
CDR,D,20220825,000000,84.1444,85.0771,81.5149,82.1996,210764.4117545465,0
CDR,D,20220826,000000,82.2591,85.1962,81.3661,83.3506,456045.67196866806,0
CDR,D,20220829,000000,81.6836,82.2889,80.225,81.892,205573.27930446563,0
CDR,D,20220830,000000,82.2194,83.0232,80.8699,81.2768,370007.51420109737,0
CDR,D,20220831,000000,81.376,85.3351,81.3661,83.4697,574850.1448885355,0
CDR,D,20220901,000000,83.3506,83.3506,80.6715,80.8699,372128.91466846684,0
CDR,D,20220902,000000,81.2867,81.8622,79.5006,81.3661,377406.7171613951,0
CDR,D,20220905,000000,81.4157,82.7255,80.3738,81.0287,364036.3513653898,0
CDR,D,20220906,000000,81.5645,81.753,77.8137,77.9626,419126.2492980674,0
CDR,D,20220907,000000,80.3738,83.5491,76.2162,77.2878,710454.4970440558,0
CDR,D,20220908,000000,80.3738,83.7872,78.419,81.4752,967443.2675809477,0
CDR,D,20220909,000000,84.0452,87.1212,82.3583,87.1212,614789.9177732484,0
CDR,D,20220912,000000,87.3197,87.5281,81.9813,83.9857,640160.053338835,0
CDR,D,20220913,000000,84.7398,88.7882,84.3528,85.4939,862642.0533281108,0
CDR,D,20220914,000000,85.2359,89.9492,84.3528,89.7408,657835.703123725,0
CDR,D,20220915,000000,89.8996,91.8841,87.8158,90.9911,1043192.8850295753,0
CDR,D,20220916,000000,89.1653,90.2369,85.8412,88.0837,2842676.62627513,0
CDR,D,20220919,000000,94.3648,96.7065,87.2204,88.2226,1650584.6076337218,0
CDR,D,20220920,000000,89.1058,89.9492,87.1411,88.5997,548541.7557195659,0
CDR,D,20220921,000000,87.7364,89.5324,86.0496,87.2403,406787.86168666376,0
CDR,D,20220922,000000,86.0297,90.7926,85.3848,87.8059,947901.1885012508,0
CDR,D,20220923,000000,89.3042,92.9061,87.8158,89.7904,1568434.5082999333,0
CDR,D,20220926,000000,94.2358,103.196,90.4056,101.886,1487310.340403571,0
CDR,D,20220927,000000,101.529,106.153,99.2467,103.256,1651709.302608346,0
CDR,D,20220928,000000,102.204,105.677,99.9215,104.942,844389.9469791659,0
CDR,D,20220929,000000,106.173,107.661,97.0638,97.8576,913242.2414830539,0
CDR,D,20220930,000000,97.8576,101.172,96.2501,99.4254,706465.6594906837,0
CDR,D,20221003,000000,99.2269,105.101,95.8532,104.526,1024872.2488793092,0
CDR,D,20221004,000000,106.173,108.653,104.903,107.562,933835.4467800745,0
CDR,D,20221005,000000,117.425,122.367,108.673,109.408,2684045.253084491,0
CDR,D,20221006,000000,112.107,112.126,107.76,110.678,833793.0225542774,0
CDR,D,20221007,000000,110.142,115.322,108.177,115.322,792536.0665765231,0
CDR,D,20221010,000000,114.012,115.242,112.126,113.793,741795.79544535,0
CDR,D,20221011,000000,113.615,119.866,111.511,119.866,984140.3521146189,0
CDR,D,20221012,000000,119.866,119.866,113.119,113.912,682814.8157053025,0
CDR,D,20221013,000000,113.119,115.996,110.42,111.194,656250.4475725744,0
CDR,D,20221014,000000,114.111,116.314,112.146,112.881,502090.6439181432,0
CDR,D,20221017,000000,113.615,117.068,112.484,117.048,384443.1152911689,0
CDR,D,20221018,000000,118.278,124.907,117.425,120.283,957999.2562841688,0
CDR,D,20221019,000000,121.712,122.386,117.802,117.802,642299.5940477307,0
CDR,D,20221020,000000,119.072,119.549,116.036,118.001,686171.7681788454,0
CDR,D,20221021,000000,117.068,121.355,116.294,117.683,491638.84142546426,0
CDR,D,20221024,000000,119.072,123.895,118.576,120.065,643883.8418076854,0
CDR,D,20221025,000000,119.568,120.144,116.631,117.346,654440.454584738,0
CDR,D,20221026,000000,117.346,122.446,116.393,121.513,629054.194360017,0
CDR,D,20221027,000000,121.513,121.513,117.584,119.172,415824.725340299,0
CDR,D,20221028,000000,118.576,123.736,117.624,123.041,608136.4802979166,0
CDR,D,20221031,000000,123.041,127.606,121.751,126.117,446777.01633997576,0
CDR,D,20221102,000000,126.514,135.445,125.205,135.167,925598.7693359838,0
CDR,D,20221103,000000,131.972,134.433,129.293,133.202,509765.98166611756,0
CDR,D,20221104,000000,133.956,138.918,132.885,138.104,364420.31981102773,0
CDR,D,20221107,000000,138.898,141.319,131.992,135.226,437865.118794632,0
CDR,D,20221108,000000,134.949,136.08,130.92,135.028,434887.09581074753,0
CDR,D,20221109,000000,134.651,136,132.508,135.266,195645.5282336547,0
CDR,D,20221110,000000,134.849,141.894,133.877,139.711,397022.36499839276,0
CDR,D,20221114,000000,139.91,147.828,139.91,144.435,721377.945816416,0
CDR,D,20221115,000000,147.848,148.443,142.45,146.36,432958.1834617949,0
CDR,D,20221116,000000,144.375,149.059,143.879,144.058,511222.23994419305,0
CDR,D,20221117,000000,145.923,147.729,142.093,145.705,289459.8028687898,0
CDR,D,20221118,000000,146.201,152.313,143.78,143.879,425500.5286121349,0
CDR,D,20221121,000000,143.581,144.772,133.996,138.203,493588.91738953075,0
CDR,D,20221122,000000,138.918,142.728,136.08,136.874,380026.9742707351,0
CDR,D,20221123,000000,137.727,140.882,136.119,137.528,238495.80209212683,0
CDR,D,20221124,000000,138.918,142.272,138.918,140.287,252521.23216546714,0
CDR,D,20221125,000000,139.91,143.482,138.918,138.918,379456.56445385574,0
CDR,D,20221128,000000,138.918,139.87,136.278,137.449,366446.98790598265,0
CDR,D,20221129,000000,140.922,141.517,127.487,130.464,1290152.1175848704,0
CDR,D,20221130,000000,130.464,133.282,127.725,129.967,761472.9185452975,0
CDR,D,20221201,000000,131.972,133.46,122.446,122.625,998710.9972249412,0
CDR,D,20221202,000000,123.041,128.499,120.303,126.336,606656.0350311395,0
CDR,D,20221205,000000,127.685,131.813,126.514,126.812,465298.20293822594,0
CDR,D,20221206,000000,127.01,130.483,124.708,129.749,392653.59016416623,0
CDR,D,20221207,000000,129.749,129.749,127.09,127.507,291596.32020409784,0
CDR,D,20221208,000000,128.003,128.797,124.133,125.502,269853.22515255533,0
CDR,D,20221209,000000,126.514,131.178,125.522,130.364,267171.4927802654,0
CDR,D,20221212,000000,130.98,135.643,128.995,133.48,252349.90766216413,0
CDR,D,20221213,000000,134.433,138.719,132.766,135.961,312400.15386106155,0
CDR,D,20221214,000000,136.04,141.894,135.326,141.498,410677.93570283777,0
CDR,D,20221215,000000,139.91,139.91,128.896,128.896,921707.6875286138,0
CDR,D,20221216,000000,128.3,133.659,125.681,131.615,893890.6349393821,0
CDR,D,20221219,000000,131.972,132.547,127.209,127.745,288642.4842089149,0
CDR,D,20221220,000000,126.217,128.519,125.681,127.01,201112.79547141222,0
CDR,D,20221221,000000,127.01,129.729,126.832,129.094,215973.6844461536,0
CDR,D,20221222,000000,128.995,129.63,125.84,126.117,193293.34358242413,0
CDR,D,20221223,000000,126.217,129.491,124.847,128.3,189774.13672634133,0
CDR,D,20221227,000000,128.995,128.995,125.859,126.058,146490.5126536322,0
CDR,D,20221228,000000,126.018,127.963,124.55,124.708,243269.7089871051,0
CDR,D,20221229,000000,125.026,128.3,125.026,127.864,157815.06232196052,0
CDR,D,20221230,000000,127.01,129.372,127.01,128.638,157278.91740574173,0
CDR,D,20230102,000000,128.003,130.722,127.665,128.34,155362.0985511399,0
CDR,D,20230103,000000,128.995,131.059,127.209,128.003,445883.1055492124,0
CDR,D,20230104,000000,129.59,129.59,125.72,126.514,451966.1332076648,0
CDR,D,20230105,000000,126.217,133.083,126.117,131.535,557685.4452399666,0
CDR,D,20230109,000000,131.575,134.949,130.285,132.706,509955.4464109468,0
CDR,D,20230110,000000,131.238,137.568,130.483,137.092,343301.0475097473,0
CDR,D,20230111,000000,137.27,138.302,133.262,134.71,463839.9290777586,0
CDR,D,20230112,000000,134.651,134.75,127.665,128.935,852143.8924404205,0
CDR,D,20230113,000000,129.193,133.163,129.074,131.118,291778.7304105557,0
CDR,D,20230116,000000,131.972,132.369,127.824,127.824,282684.4226587541,0
CDR,D,20230117,000000,128.003,130.146,126.217,128.4,248339.90649367802,0
CDR,D,20230118,000000,128.221,133.758,128.221,132.25,329665.6326292203,0
CDR,D,20230119,000000,130.166,133.46,129.114,131.476,301331.5831564918,0
CDR,D,20230120,000000,131.873,133.559,130.583,131.495,193236.90727545373,0
CDR,D,20230123,000000,131.515,134.929,131.515,134.651,260904.03933296332,0
CDR,D,20230124,000000,134.651,136.239,131.873,132.885,227619.71950597403,0
CDR,D,20230125,000000,131.972,132.349,129.987,130.503,132606.1733477179,0
CDR,D,20230126,000000,132.329,134.552,131.515,133.619,143537.68444964522,0
CDR,D,20230127,000000,133.956,135.365,132.369,132.865,124880.44603994851,0
CDR,D,20230130,000000,132.468,132.964,130.186,131.773,324354.57302682736,0
CDR,D,20230131,000000,133.202,139.235,131.972,138.243,679720.8967338895,0
CDR,D,20230201,000000,138.422,140.743,136.119,137.211,355946.8114359005,0
CDR,D,20230202,000000,140.406,147.015,139.057,144.653,579173.5691189464,0
CDR,D,20230203,000000,145.844,147.392,143.442,145.665,475602.86791630345,0
CDR,D,20230206,000000,144.474,144.812,140.227,141.458,265585.2294379188,0
CDR,D,20230207,000000,140.882,140.882,134.968,140.188,326742.0303699144,0
CDR,D,20230208,000000,141.458,144.276,140.426,140.605,186546.18152587363,0
CDR,D,20230209,000000,141.894,142.549,140.009,140.386,144826.6493892013,0
CDR,D,20230210,000000,139.592,140.009,135.127,137.568,802136.2855086665,0
CDR,D,20230213,000000,138.521,139.295,135.941,137.826,337006.38370015594,0
CDR,D,20230214,000000,139.414,141.894,132.766,133.202,288404.64548668254,0
CDR,D,20230215,000000,132.666,137.429,132.269,137.33,127862.50018861661,0
CDR,D,20230216,000000,138.084,139.553,135.742,138.441,146280.892084885,0
CDR,D,20230217,000000,137.925,138.263,134.77,134.77,203522.42422080913,0
CDR,D,20230220,000000,135.187,136.675,134.056,135.286,92342.8994891211,0
CDR,D,20230221,000000,134.949,134.949,130.206,130.206,355262.52121388447,0
CDR,D,20230222,000000,130.186,131.535,128.161,130.92,189147.29060249153,0
CDR,D,20230223,000000,131.039,134.81,131.039,133.46,181948.63809017782,0
CDR,D,20230224,000000,133.103,133.103,128.459,128.519,171878.788460745,0
CDR,D,20230227,000000,128.995,132.011,128.38,131.099,134432.29099468872,0
CDR,D,20230228,000000,131.099,132.805,129.69,131.376,209198.30423611793,0
CDR,D,20230301,000000,132.825,134.552,130.88,131.238,205524.9053270624,0
CDR,D,20230302,000000,130.98,131.277,128.419,129.789,203512.34630885013,0
CDR,D,20230303,000000,130.98,132.508,128.697,129.65,236995.20100143173,0
CDR,D,20230306,000000,130.98,131.476,129.193,131.178,178783.1659438559,0
CDR,D,20230307,000000,131.476,133.758,130.384,132.428,170464.8574128973,0
CDR,D,20230308,000000,133.639,133.639,130.444,131.238,176043.9894733997,0
CDR,D,20230309,000000,130.98,132.746,130.444,131.158,135171.0019412834,0
CDR,D,20230310,000000,129.888,130.186,126.633,127.705,189181.5555031521,0
CDR,D,20230313,000000,127.725,129.035,119.866,126.098,415618.12814513955,0
CDR,D,20230314,000000,126.058,131.376,126.018,128.995,415652.39304580016,0
CDR,D,20230315,000000,128.995,131.535,127.824,128.36,259206.91895906773,0
CDR,D,20230316,000000,130.483,134.353,128.995,134.353,368712.5025143658,0
CDR,D,20230317,000000,134.155,135.246,129.273,129.987,534482.0607455651,0
CDR,D,20230320,000000,128.995,131.257,127.824,129.709,193722.66263187752,0
CDR,D,20230321,000000,124.53,126.713,114.012,115.56,1293727.7607479235,0
CDR,D,20230322,000000,114.548,115.5,111.452,111.908,799835.4982084269,0
CDR,D,20230323,000000,111.352,112.325,108.376,109.15,892534.1479897007,0
CDR,D,20230324,000000,109.15,112.325,108.673,109.745,640808.0630777987,0
CDR,D,20230327,000000,110.638,113.476,109.666,113.178,358257.6766480992,0
CDR,D,20230328,000000,113.873,113.893,108.058,108.157,597867.0880116955,0
CDR,D,20230329,000000,109.15,109.983,104.704,109.328,474075.05646331905,0
CDR,D,20230330,000000,109.368,113.813,108.892,112.404,757636.2574625062,0
CDR,D,20230331,000000,119.072,123.438,110.36,110.36,1587818.364161874,0
CDR,D,20230403,000000,110.082,110.142,105.617,107.225,608318.8905043745,0
CDR,D,20230404,000000,108.753,109.249,107.106,107.602,294403.01868467935,0
CDR,D,20230405,000000,108.257,108.257,106.173,107.006,203928.56407275682,0
CDR,D,20230406,000000,106.967,107.82,105.181,105.379,248670.46200593322,0
CDR,D,20230411,000000,106.47,107.046,103.117,104.823,447522.78182494175,0
CDR,D,20230412,000000,104.784,109.427,104.486,107.999,403523.62600314367,0
CDR,D,20230413,000000,107.999,109.328,107.661,109.15,287842.2979993703,0
CDR,D,20230414,000000,110.043,111.948,109.547,109.884,283801.0553038113,0
CDR,D,20230417,000000,110.936,112.325,109.289,110.082,333241.2757922735,0
CDR,D,20230418,000000,110.896,111.075,108.673,108.852,348060.845327983,0
CDR,D,20230419,000000,108.534,109.15,107.006,108.356,234486.80871483663,0
CDR,D,20230420,000000,108.802,109.745,107.661,108.802,221860.19282140554,0
CDR,D,20230421,000000,108.157,111.035,107.612,109.943,218193.84845072133,0
CDR,D,20230424,000000,110.539,110.886,108.753,109.447,144784.32215897352,0
CDR,D,20230425,000000,109.646,111.382,109.249,110.142,172990.38214982272,0
CDR,D,20230426,000000,110.34,111.928,109.646,111.085,222341.91701304572,0
CDR,D,20230427,000000,110.737,113.615,110.043,113.119,236812.79079497381,0
CDR,D,20230428,000000,113.218,114.309,112.226,112.424,279780.9762233662,0
CDR,D,20230502,000000,113.218,115.401,110.737,110.886,309397.9438884754,0
CDR,D,20230504,000000,111.035,112.374,110.638,111.134,263588.7950788409,0
CDR,D,20230505,000000,111.333,112.821,111.283,112.027,172222.4452585469,0
CDR,D,20230508,000000,112.573,113.119,110.34,110.936,188027.6345838466,0
CDR,D,20230509,000000,111.333,111.531,109.695,110.985,99914.43474391781,0
CDR,D,20230510,000000,111.63,112.871,110.489,112.126,230977.67977071283,0
CDR,D,20230511,000000,113.615,118.675,112.523,115.798,567714.9832215635,0
CDR,D,20230512,000000,116.095,118.328,113.962,113.962,343292.9851801801,0
CDR,D,20230515,000000,115.5,115.798,113.268,113.516,219499.94584060772,0
CDR,D,20230516,000000,113.516,113.615,110.34,110.34,436037.99335646536,0
CDR,D,20230517,000000,110.34,111.382,107.711,108.306,330823.5847133094,0
CDR,D,20230518,000000,109.15,111.035,107.711,108.653,170182.67587804532,0
CDR,D,20230519,000000,109.943,113.466,109.795,112.821,476247.85428167944,0
CDR,D,20230522,000000,113.119,117.385,112.176,117.137,471375.18384950294,0
CDR,D,20230523,000000,117.088,120.362,115.55,120.065,580692.3104511678,0
CDR,D,20230524,000000,119.271,119.271,113.466,113.466,542044.5258795987,0
CDR,D,20230525,000000,114.111,114.607,112.325,113.317,220318.27229167853,0
CDR,D,20230526,000000,114.905,117.981,114.061,117.981,382594.82623788837,0
CDR,D,20230529,000000,120.114,124.331,118.576,124.034,828506.149940586,0
CDR,D,20230530,000000,124.133,124.431,119.32,122.496,596902.6318372192,0
CDR,D,20230531,000000,121.553,121.553,118.923,120.263,575648.3155156883,0
CDR,D,20230601,000000,120.66,123.24,120.164,123.041,230085.78456234132,0
CDR,D,20230602,000000,124.034,128.697,122.843,127.457,478043.73819277325,0
CDR,D,20230605,000000,128.945,130.483,127.06,129.69,482751.13086882216,0
CDR,D,20230606,000000,129.392,132.468,127.606,131.575,727445.8566069299,0
CDR,D,20230607,000000,131.773,131.972,129.094,129.987,304320.6918435312,0
CDR,D,20230609,000000,130.98,131.376,127.507,128.35,537499.3875860897,0
CDR,D,20230612,000000,133,143.5,132.95,141.4,1584134,0
CDR,D,20230613,000000,142.75,143.1,138.6,140.3,440282,0
CDR,D,20230614,000000,140.45,160,140.3,159,1352766,0
CDR,D,20230615,000000,159.9,168.4,155.25,168.25,1428362,0
CDR,D,20230616,000000,168.25,173,159.8,170,1616168,0
CDR,D,20230619,000000,169,175.85,165,165.8,587152,0
CDR,D,20230620,000000,165.75,165.9,155.55,156.05,805024,0
CDR,D,20230621,000000,156,160.5,153.1,154.8,580036,0
CDR,D,20230622,000000,154.05,158.2,153.2,155.6,320138,0
CDR,D,20230623,000000,153.85,156.4,152,152,345374,0
CDR,D,20230626,000000,151.2,153.55,150.3,152.1,426203,0
CDR,D,20230627,000000,152.7,153,146.35,147.3,449026,0
CDR,D,20230628,000000,148,155.05,147.65,150.85,455125,0
CDR,D,20230629,000000,151.5,157.7,150.55,154.65,353347,0
CDR,D,20230630,000000,156.5,157.8,153.4,154.85,216562,0
CDR,D,20230703,000000,155,157.4,154.15,155,270689,0
CDR,D,20230704,000000,155,155.3,151.7,151.7,205865,0
CDR,D,20230705,000000,151.45,151.45,140.75,143.35,493622,0
CDR,D,20230706,000000,143,144.8,140.65,144.8,280648,0
CDR,D,20230707,000000,144.85,145.75,143.1,145,194668,0
CDR,D,20230710,000000,144.2,145.5,141.8,145.5,133594,0
CDR,D,20230711,000000,145.95,147.15,143.75,144.55,127768,0
CDR,D,20230712,000000,144.5,151.7,144.5,150.5,302756,0
CDR,D,20230713,000000,152.55,158.15,151.15,154.05,386534,0
CDR,D,20230714,000000,154,156.2,151.6,154.2,179123,0
CDR,D,20230717,000000,153.8,160.6,152.2,159.5,283203,0
CDR,D,20230718,000000,159.6,159.7,156.5,159.45,159922,0
CDR,D,20230719,000000,159.8,161,156.55,160,232119,0
CDR,D,20230720,000000,158.55,160.35,157.2,160.2,167285,0
CDR,D,20230721,000000,160,160.8,156.45,159.75,251656,0
CDR,D,20230724,000000,157.5,160,156.65,158.25,200447,0
CDR,D,20230725,000000,158.55,159,156.2,157.75,183936,0
CDR,D,20230726,000000,158,159.3,153.25,157.85,184105,0
CDR,D,20230727,000000,158,165.5,158,164.3,541173,0
CDR,D,20230728,000000,164,164.45,162.1,164.4,243327,0
CDR,D,20230731,000000,164.6,165.5,162.25,163.35,304425,0
CDR,D,20230801,000000,162.5,162.5,158.9,160.8,202070,0
CDR,D,20230802,000000,159.6,160.4,155.2,159.3,246522,0
CDR,D,20230803,000000,158,162.75,157.5,162.7,264370,0
CDR,D,20230804,000000,163.4,164.85,162.15,163.1,208629,0
CDR,D,20230807,000000,162.1,163,160.5,162.45,110863,0
CDR,D,20230808,000000,162.25,162.7,159.25,159.85,142971,0
CDR,D,20230809,000000,160.2,161.9,155.3,155.3,175248,0
CDR,D,20230810,000000,156.4,161,156.1,159.5,144452,0
CDR,D,20230811,000000,158.1,158.95,156.2,157.25,122062,0
CDR,D,20230814,000000,156.65,157.9,156.2,157.25,80213,0
CDR,D,20230816,000000,157,159.45,149.65,150.05,301650,0
CDR,D,20230817,000000,150,153.1,148.2,149.4,183961,0
CDR,D,20230818,000000,150,154.35,150,154,209938,0
CDR,D,20230821,000000,154.55,157.65,154,155.6,239465,0
CDR,D,20230822,000000,156.5,158.65,154.1,157.1,205533,0
CDR,D,20230823,000000,157.6,159.8,155.05,159.8,238256,0
CDR,D,20230824,000000,160.45,163.35,154.75,154.95,225661,0
CDR,D,20230825,000000,153.5,157.1,152.1,156.1,160789,0
CDR,D,20230828,000000,157.9,158,153.6,154.85,128854,0
CDR,D,20230829,000000,155,156.25,152.6,155.95,128467,0
CDR,D,20230830,000000,155.5,156.65,152.95,153.55,145445,0
CDR,D,20230831,000000,153.2,155.6,147.4,147.55,580779,0
CDR,D,20230901,000000,147.8,151.45,145,150.45,232537,0
CDR,D,20230904,000000,151,161.2,151,156.3,454896,0
CDR,D,20230905,000000,156.35,160,153.5,153.55,255934,0
CDR,D,20230906,000000,153.7,155.9,150.6,151,224520,0
CDR,D,20230907,000000,151,151.8,146.65,147.85,261125,0
CDR,D,20230908,000000,149.2,154.65,149.2,154.1,270852,0
CDR,D,20230911,000000,155.2,157.7,154.4,156.25,245177,0
CDR,D,20230912,000000,157.35,158.5,154.55,156.7,196776,0
CDR,D,20230913,000000,156.05,156.45,153.7,155.9,199607,0
CDR,D,20230914,000000,155.9,157.8,154.45,155.65,210628,0
CDR,D,20230915,000000,157.2,157.6,154.2,154.25,937817,0
CDR,D,20230918,000000,154.95,156.4,152.85,153.3,208026,0
CDR,D,20230919,000000,155.2,155.2,147.3,148.4,384652,0
CDR,D,20230920,000000,149.8,154.45,148.6,153,248489,0
CDR,D,20230921,000000,156.3,158.45,147.7,148.6,430891,0
CDR,D,20230922,000000,148.9,150.6,146.1,148.7,220422,0
CDR,D,20230925,000000,150.65,155.8,148.95,149.4,394342,0
CDR,D,20230926,000000,149,149.85,138.2,141.1,715132,0
CDR,D,20230927,000000,140,142,134.4,135,548711,0
CDR,D,20230928,000000,135,135,121.55,123.7,1150766,0
CDR,D,20230929,000000,124.2,127.3,123.1,125.2,529601,0
CDR,D,20231002,000000,126.3,126.55,120.45,120.8,366472,0
CDR,D,20231003,000000,120.45,130.65,120,129.1,719961,0
CDR,D,20231004,000000,128,130.75,125.45,126.55,449997,0
CDR,D,20231005,000000,126.65,128.5,118.2,118.75,613004,0
CDR,D,20231006,000000,118.55,118.65,106.25,107.6,1251997,0
CDR,D,20231009,000000,107.35,111.1,104.2,109.55,504617,0
CDR,D,20231010,000000,110.8,115.2,110.35,112.3,482899,0
CDR,D,20231011,000000,114,114,108.25,109.7,410227,0
CDR,D,20231012,000000,111,111.6,105.4,105.55,496068,0
CDR,D,20231013,000000,105.5,108.15,104.55,105.9,397778,0
CDR,D,20231016,000000,108,108.25,101.5,101.65,563294,0
CDR,D,20231017,000000,101.75,105.95,101.05,105.35,451954,0
CDR,D,20231018,000000,105.45,107.8,103.4,104.4,486756,0
CDR,D,20231019,000000,104.4,105.9,103.7,105.15,201897,0
CDR,D,20231020,000000,105,106.35,103.55,104.6,232999,0
CDR,D,20231023,000000,104.75,105.2,102.85,103.45,258683,0
CDR,D,20231024,000000,103.45,105.45,103.1,103.65,236356,0
CDR,D,20231025,000000,104.4,106.2,103.5,105.6,406034,0
CDR,D,20231026,000000,105.25,107.85,103.9,106.55,336988,0
CDR,D,20231027,000000,106.6,109,106.2,106.7,255269,0
CDR,D,20231030,000000,107.4,108.9,105,105,226759,0
CDR,D,20231031,000000,105.5,106.7,105,105,214824,0
CDR,D,20231102,000000,106.5,108.35,105.3,108.35,494546,0
CDR,D,20231103,000000,109,110.6,106.95,110,339613,0
CDR,D,20231106,000000,110.9,111.85,108.8,109.6,243416,0
CDR,D,20231107,000000,109.5,110,106.8,109.5,210184,0
CDR,D,20231108,000000,109,110.5,107.6,108.25,125942,0
CDR,D,20231109,000000,108.25,111,106.8,110,190796,0
CDR,D,20231110,000000,110,110,108.2,109.2,204035,0
CDR,D,20231113,000000,109.5,110.1,107.4,107.7,194102,0
CDR,D,20231114,000000,107.05,114.35,103.3,114.1,555080,0
CDR,D,20231115,000000,114.3,116.45,111.6,114,424386,0
CDR,D,20231116,000000,114.2,114.95,111.5,112.6,309444,0
CDR,D,20231117,000000,112.6,113.65,112,113.15,164063,0
CDR,D,20231120,000000,113.85,117.95,113.5,113.85,342438,0
CDR,D,20231121,000000,114.65,115.7,113.15,113.2,186647,0
CDR,D,20231122,000000,113,114.95,111.6,113.85,211039,0
CDR,D,20231123,000000,113.85,114,110.4,110.4,221118,0
CDR,D,20231124,000000,110.5,112.4,109.45,111.95,132684,0
CDR,D,20231127,000000,112.4,114.15,109.6,109.6,199037,0
CDR,D,20231128,000000,109.45,109.6,106.85,107.95,384126,0
CDR,D,20231129,000000,115,115.65,104.15,104.2,1146698,0
CDR,D,20231130,000000,105,110,104.85,108.85,693059,0
CDR,D,20231201,000000,107.3,111.45,106.65,111,414055,0
CDR,D,20231204,000000,110.45,111,106.05,106.7,668543,0
CDR,D,20231205,000000,106.75,109.1,106.4,107.75,486950,0
CDR,D,20231206,000000,107.85,109.9,107.75,108.5,238782,0
CDR,D,20231207,000000,108.5,109.5,107.65,108.25,261477,0
CDR,D,20231208,000000,108.25,112.2,108.25,112.15,381749,0
CDR,D,20231211,000000,112.15,114.75,111.65,113.85,415342,0
CDR,D,20231212,000000,114.35,114.6,112.35,113.3,173024,0
CDR,D,20231213,000000,113.3,113.7,112.4,112.85,230773,0
CDR,D,20231214,000000,113.95,114.8,113.1,114,281546,0
CDR,D,20231215,000000,114.1,115.45,113.05,114.4,755118,0
CDR,D,20231218,000000,114.4,115.35,112.3,115.3,450394,0
CDR,D,20231219,000000,115.3,118.8,114.5,116.5,424431,0
CDR,D,20231220,000000,117,118.75,116,116,260047,0
CDR,D,20231221,000000,115.25,117.1,114.4,116,320409,0
CDR,D,20231222,000000,116,116.8,114.7,116.5,303527,0
CDR,D,20231227,000000,116.5,116.9,114.6,115,357764,0
CDR,D,20231228,000000,115.75,117.55,115.2,115.7,268861,0
CDR,D,20231229,000000,115.7,116.4,114.9,115,164252,0
CDR,D,20240102,000000,115.05,115.85,109.95,111.9,399398,0
CDR,D,20240103,000000,111.85,112,108.4,111.65,390528,0
CDR,D,20240104,000000,111.65,112.5,110,112.25,211875,0
CDR,D,20240105,000000,112.05,112.05,107.65,111.1,509914,0
CDR,D,20240108,000000,110.8,111,109.25,110.25,133249,0
CDR,D,20240109,000000,110.25,111.5,109.65,111.45,225119,0
CDR,D,20240110,000000,111.35,113.15,110.45,111.2,199370,0
CDR,D,20240111,000000,111.2,111.8,107.6,107.6,385541,0
CDR,D,20240112,000000,108,109.85,107.15,108,230382,0
CDR,D,20240115,000000,107.95,108,105.5,106.65,259067,0
CDR,D,20240116,000000,106.6,106.95,104.85,105,315846,0
CDR,D,20240117,000000,104.9,105.1,100,100,651055,0
CDR,D,20240118,000000,100.8,102,97.1,99.9,594224,0
CDR,D,20240119,000000,100.5,101.45,97.76,99.2,506057,0
CDR,D,20240122,000000,100.05,101.55,99.64,101.55,248633,0
CDR,D,20240123,000000,103.8,108.6,100.8,103.75,466631,0
CDR,D,20240124,000000,104.2,105.65,104.05,105.5,304587,0
CDR,D,20240125,000000,105.5,107,102.65,106.35,478910,0
CDR,D,20240126,000000,106.35,106.6,103.65,105.15,232329,0
CDR,D,20240129,000000,105.35,105.65,103.75,105,185957,0
CDR,D,20240130,000000,105,106.05,103.7,103.8,316217,0
CDR,D,20240131,000000,103.95,105.2,102.55,104.75,274878,0
CDR,D,20240201,000000,103.65,105.6,103.65,104.8,202703,0
CDR,D,20240202,000000,105.05,106.55,103.7,104.2,225095,0
CDR,D,20240205,000000,104.45,109.7,104.45,108.95,491632,0
CDR,D,20240206,000000,109.45,109.45,107.1,108.35,240257,0
CDR,D,20240207,000000,108.35,109.35,107.35,108.3,278601,0
CDR,D,20240208,000000,109,111.15,108,110,493498,0
CDR,D,20240209,000000,109,111.45,109,111.2,212739,0
CDR,D,20240212,000000,111.1,114.3,111,113.35,304140,0
CDR,D,20240213,000000,113.2,113.3,108.75,109.3,320700,0
CDR,D,20240214,000000,109.25,110.8,108.95,110.3,203121,0
CDR,D,20240215,000000,110.3,115.05,109,113.75,524823,0
CDR,D,20240216,000000,113.75,115,112.8,114.5,334885,0
CDR,D,20240219,000000,113.3,115.3,112.5,114.1,329348,0
CDR,D,20240220,000000,113.5,114.85,110.65,114.75,468422,0
CDR,D,20240221,000000,115,116.35,113.4,113.5,494349,0
CDR,D,20240222,000000,114.2,115.55,114.2,115.45,264746,0
CDR,D,20240223,000000,115.45,116.25,114.1,114.85,222237,0
CDR,D,20240226,000000,114.8,115,112.65,113.9,160782,0
CDR,D,20240227,000000,113.9,115.75,113.1,115.3,211441,0